<?xml version="1.0" encoding="UTF-8"?>

<mule xmlns:ee="http://www.mulesoft.org/schema/mule/ee/core" xmlns="http://www.mulesoft.org/schema/mule/core"
	xmlns:doc="http://www.mulesoft.org/schema/mule/documentation"
	xmlns:xsi="http://www.w3.org/2001/XMLSchema-instance" xsi:schemaLocation="http://www.mulesoft.org/schema/mule/core http://www.mulesoft.org/schema/mule/core/current/mule.xsd
http://www.mulesoft.org/schema/mule/ee/core http://www.mulesoft.org/schema/mule/ee/core/current/mule-ee.xsd">
	<configuration-properties doc:name="Configuration properties" doc:id="e80a4349-6326-4b44-8155-4047965aa22e" file="properties\common-properties.yaml" />
	<configuration-properties doc:name="Configuration properties" doc:id="fe28c6db-e509-4741-a095-18ef14d82fe8" file="properties/${mule.env}-properties.yaml" />
	<error-handler name="global_error_handler" doc:id="5c795577-58cc-474b-bebf-ddf9d2c36b68" >
		<on-error-propagate enableNotifications="true" logException="true" doc:name="On Error Propagate" doc:id="e59ccbc5-f1ff-4078-bcee-041127681edf" type="CONNECTIVITY">
			<set-variable value="504" doc:name="Set Variable" doc:id="64e9a784-4b62-4674-8458-b31738bb5ff2" variableName="httpStatus"/>
			<flow-ref doc:name="Flow Reference" doc:id="575af7cb-0dec-44ab-b553-90a69089c410" name="Generate_Error_Response"/>
		</on-error-propagate>
		<on-error-propagate enableNotifications="true" logException="true" doc:name="On Error Propagate" doc:id="c7fabfdb-6e4b-4a62-b05b-e8e227319f32" type="MULE:CLIENT_SECURITY">
			<set-variable value="500" doc:name="HTTP Response Status" doc:id="f5f63c5d-ecfc-4e9f-9e6a-13cd6f8a4765" variableName="httpStatus"/>
			<flow-ref doc:name="Flow Reference" doc:id="94f16767-f72c-4c2e-a60c-714ab196a51b" name="Generate_Error_Response"/>
		</on-error-propagate>
		<on-error-propagate enableNotifications="true" logException="true" doc:name="On Error Propagate" doc:id="909ec4b9-55be-48b5-95d1-c5271943dc56" type="MULE:SERVER_SECURITY">
			<choice doc:name="Choice" doc:id="c972a943-fae9-40c4-a874-ba8b2453d39f" >
				<when expression="#[error.errorType.identifier == 'UNAUTHORIZED']">
					<set-variable value="401" doc:name="HTTP Response Status" doc:id="2d42a0f1-2000-4448-b563-b09cb3672d71" variableName="httpStatus" />
				</when>
				<otherwise >
					<set-variable value="403" doc:name="HTTP Response Status" doc:id="aa4e11e9-bfed-442e-860e-90f44e1d8537" variableName="httpStatus"/>
				</otherwise>
			</choice>
			<flow-ref doc:name="Flow Reference" doc:id="d9bfa189-42d7-4caf-a0a3-edf90e596ec3" name="Generate_Error_Response"/>
		</on-error-propagate>
		<on-error-propagate enableNotifications="true" logException="true" doc:name="On Error Propagate" doc:id="66e2a379-3bab-4aef-8ddb-72a169c589fa" type="ANY">
			<choice doc:name="Choice" doc:id="529b105d-78db-41ee-9136-fd803b9be321" >
				<when expression="#[error.errorType.namespace =='APIKIT']">
					<choice doc:name="Choice" doc:id="13c8473e-bbd4-48ae-b1e4-38b952624cb4" >
						<when expression="#[error.errorType.identifier == 'BAD_REQUEST']">
							<set-variable value="400" doc:name="HTTP Response Status" doc:id="ccf97dc6-a65c-4331-b980-7428d5958a82" variableName="httpStatus"/>
						</when>
						<when expression="#[error.errorType.identifier == 'NOT_FOUND']">
							<set-variable value="404" doc:name="HTTP Response Status" doc:id="5a4c90c4-afcf-4738-b64e-89a8e8953b48" variableName="httpStatus"/>
						</when>
						<when expression="#[error.errorType.identifier == 'METHOD_NOT_ALLOWED']">
							<set-variable value="405" doc:name="HTTP Response Status" doc:id="7f6d2e2d-3d2b-4a62-9664-0822757921a5" variableName="httpStatus"/>
						</when>
						<when expression="#[error.errorType.identifier == 'NOT_ACCEPTABLE']">
							<set-variable value="406" doc:name="HTTP Response Status" doc:id="5cc72de5-8059-46d3-99e6-93e161d554bd" variableName="httpStatus"/>
						</when>
						<when expression="#[error.errorType.identifier == 'UNSUPPORTED_MEDIA_TYPE']">
							<set-variable value="415" doc:name="HTTP Response Status" doc:id="7f6da01d-daa2-4735-bc47-7a6a32779d1d" variableName="httpStatus"/>
						</when>
						<when expression="#[error.errorType.identifier == 'NOT_IMPLEMENTED']">
							<set-variable value="501" doc:name="HTTP Response Status" doc:id="aa338f20-f6c4-4870-b038-67db328090fb" variableName="httpStatus"/>
						</when>
					</choice>
				</when>
				<when expression="#[error.errorType.namespace =='BUSINESSFAULT']">
					<choice doc:name="Choice" doc:id="f102d7f7-a34b-4024-9435-18ecc4a81a99" >
						<when expression="#[error.errorType.identifier == 'BAD_REQUEST']">
							<set-variable value="400" doc:name="HTTP Response Status" doc:id="2ae5d62d-ae9c-4dcb-a6b5-43aabb9e2b78" variableName="httpStatus"/>
						</when>
						<when expression="#[error.errorType.identifier == 'NOT_FOUND']">
							<set-variable value="404" doc:name="HTTP Response Status" doc:id="a517fe11-e8fb-464f-a2e1-4adc73ec0551" variableName="httpStatus"/>
						</when>	
						<when expression="#[error.errorType.identifier == 'NOT_IMPLEMENTED']">
							<set-variable value="501" doc:name="HTTP Response Status" doc:id="0dd4f955-a212-43e7-bf93-547c8ce67567" variableName="httpStatus"/>
						</when>
						<otherwise >
							<set-variable value="409" doc:name="HTTP Response Status" doc:id="b517a47b-0dfb-423b-a5c8-8eb9acedbced" variableName="httpStatus"/>
						</otherwise>
					
</choice>
				</when>
				<otherwise >
					<set-variable value="500" doc:name="HTTP Response Status" doc:id="e0b2938c-24a3-4df6-b447-770ccb67bf0b" variableName="httpStatus"/>
				
</otherwise>
			</choice>
			<logger level="INFO" doc:name="Logger" doc:id="7c7e2185-8ed9-423c-9fc7-77a26a1b86ae" message="#[vars.httpStatus]"/>
			<flow-ref doc:name="Flow Reference" doc:id="672a1a7e-0c15-427b-a7ce-d4f21c319da4" name="Generate_Error_Response"/>
		
</on-error-propagate>
	</error-handler>
	<sub-flow name="Generate_Error_Response" doc:id="6b3ed699-f87f-40fd-a694-a2d8c31ec7d6" >
      <ee:transform doc:name="Compose Error Payload" doc:id="c0b565db-0ef1-4790-8883-b7c8658712bb">
			<ee:message>
				<ee:set-payload resource="dwl/globalErrorResponse.dwl" />
			</ee:message>
		</ee:transform>
        <async doc:name="Async" doc:id="6a39fa4f-344d-44cc-b341-d070bb09da59" >
        	<set-variable value="Error Occured" doc:name="Set requestState - Error Occured" doc:id="c10552fa-cf0d-4555-8aa3-09b4341627ed" variableName="requestState" />
			<flow-ref doc:name="format-and-log-error-message" doc:id="bccf623f-6203-4872-8dc8-7a1df2e6e3df" name="format-and-log-error-message" />
		</async>
    
    </sub-flow>
</mule>