<?xml version="1.0" encoding="UTF-8"?>
<mule xmlns:tls="http://www.mulesoft.org/schema/mule/tls"
	xmlns:mule-aws-secrets-manager="http://www.mulesoft.org/schema/mule/mule-aws-secrets-manager" xmlns:api-gateway="http://www.mulesoft.org/schema/mule/api-gateway" xmlns:secure-properties="http://www.mulesoft.org/schema/mule/secure-properties" xmlns:json-logger="http://www.mulesoft.org/schema/mule/json-logger" xmlns:ee="http://www.mulesoft.org/schema/mule/ee/core" xmlns:error-handler-plugin="http://www.mulesoft.org/schema/mule/error-handler-plugin" xmlns:doc="http://www.mulesoft.org/schema/mule/documentation" xmlns="http://www.mulesoft.org/schema/mule/core" xmlns:apikit="http://www.mulesoft.org/schema/mule/mule-apikit" xmlns:http="http://www.mulesoft.org/schema/mule/http" xmlns:xsi="http://www.w3.org/2001/XMLSchema-instance" xsi:schemaLocation="http://www.mulesoft.org/schema/mule/core http://www.mulesoft.org/schema/mule/core/current/mule.xsd http://www.mulesoft.org/schema/mule/http http://www.mulesoft.org/schema/mule/http/current/mule-http.xsd http://www.mulesoft.org/schema/mule/mule-apikit http://www.mulesoft.org/schema/mule/mule-apikit/current/mule-apikit.xsd 
http://www.mulesoft.org/schema/mule/error-handler-plugin http://www.mulesoft.org/schema/mule/error-handler-plugin/current/mule-error-handler-plugin.xsd
http://www.mulesoft.org/schema/mule/json-logger http://www.mulesoft.org/schema/mule/json-logger/current/mule-json-logger.xsd
http://www.mulesoft.org/schema/mule/secure-properties http://www.mulesoft.org/schema/mule/secure-properties/current/mule-secure-properties.xsd
http://www.mulesoft.org/schema/mule/api-gateway http://www.mulesoft.org/schema/mule/api-gateway/current/mule-api-gateway.xsd
http://www.mulesoft.org/schema/mule/mule-aws-secrets-manager http://www.mulesoft.org/schema/mule/mule-aws-secrets-manager/current/mule-mule-aws-secrets-manager.xsd
http://www.mulesoft.org/schema/mule/tls http://www.mulesoft.org/schema/mule/tls/current/mule-tls.xsd">

    <http:listener-config name="customers-eapi-httpListenerConfig" doc:description="Configuration for HTTP/S Listener">
        <http:listener-connection host="0.0.0.0" port="${https.port}" protocol="HTTPS">
			<tls:context>
                <tls:key-store type="jks" path="${https.keystore.path}" keyPassword="${secure::keystore.keyPassword}" password="${secure::keystore.storePassword}" />
            </tls:context>
		</http:listener-connection>
    </http:listener-config>
 	<apikit:config name="customers-eapi-config" outboundHeadersMapName="outboundHeaders" httpStatusVarName="httpStatus" api="api\customers-eapi.raml"/>
	<http:request-config name="customers-sapi-httpRequestConfig" doc:description="Configuration for HTTP/S SAPI Request" doc:id="d7ee2e5d-a6c9-43de-b802-699c533294ca" >
		<http:request-connection host="${sapi.customers.host}" port="${sapi.customers.port}" protocol="HTTPS" connectionIdleTimeout="${sapi.customers.timeout.connection-idle}"/>
	</http:request-config>
	<api-gateway:autodiscovery apiId="${api.id}" ignoreBasePath="true" doc:name="API Autodiscovery" doc:id="27c747f2-d460-4c42-9211-ec3414160fd2" flowRef="customers-eapi-main" />
    
</mule>
