<?xml version="1.0" encoding="UTF-8"?>
<mule xmlns:ee="http://www.mulesoft.org/schema/mule/ee/core"
	xmlns="http://www.mulesoft.org/schema/mule/core" xmlns:apikit="http://www.mulesoft.org/schema/mule/mule-apikit" xmlns:doc="http://www.mulesoft.org/schema/mule/documentation" xmlns:http="http://www.mulesoft.org/schema/mule/http" xmlns:xsi="http://www.w3.org/2001/XMLSchema-instance" xsi:schemaLocation="
http://www.mulesoft.org/schema/mule/ee/core http://www.mulesoft.org/schema/mule/ee/core/current/mule-ee.xsd http://www.mulesoft.org/schema/mule/core http://www.mulesoft.org/schema/mule/core/current/mule.xsd http://www.mulesoft.org/schema/mule/http http://www.mulesoft.org/schema/mule/http/current/mule-http.xsd http://www.mulesoft.org/schema/mule/mule-apikit http://www.mulesoft.org/schema/mule/mule-apikit/current/mule-apikit.xsd "> 
    <flow name="customers-eapi-main">
        <http:listener config-ref="customers-eapi-httpListenerConfig" path="/api/*">
            <http:response statusCode="#[vars.httpStatus default 200]">
                <http:headers>#[vars.outboundHeaders default {}]</http:headers>
            </http:response>
            <http:error-response statusCode="#[vars.httpStatus default 500]">
                <http:body>#[payload]</http:body>
                <http:headers>#[vars.outboundHeaders default {}]</http:headers>
            </http:error-response>
        </http:listener>
        <ee:transform doc:name="Set Request Details" doc:id="aee38df9-ad03-4d6b-9f62-62da84056741" >
			<ee:message >
				<ee:set-payload ><![CDATA[payload]]></ee:set-payload>
			</ee:message>
			<ee:variables >
				<ee:set-variable resource="dwl/request-details.dwl" variableName="requestDetails" />
			</ee:variables>
		</ee:transform>
		<flow-ref doc:name="log-request-received" doc:id="dcae61a9-0658-4ad0-8baa-b81f466865ab" name="log-request-received" />
        <apikit:router config-ref="customers-eapi-config" />
        <flow-ref doc:name="log-response-returned" doc:id="24dd3de6-fc76-44d1-97c5-6360650d8090" name="log-response-returned" />
    </flow>
    <flow name="get:\v1\publications:customers-eapi-config">        
        <flow-ref doc:name="get:\v1\publications:customers-eapi-impl" doc:id="d8d814ce-4995-4cb2-8629-31b51ddd357c" name="get:\v1\publications:customers-eapi-impl" />
    </flow>
    <flow name="post:\v1\publications:application\json:customers-eapi-config">        
        <flow-ref doc:name="get:\v1\publications:customers-eapi-impl" doc:id="ca2d6673-04a2-41ce-a46f-8021c3f9920c" name="post:\v1\publications:customers-eapi-impl" />
    </flow>
    <flow name="post:\v1\authors:application\json:customers-eapi-config">        
        <flow-ref doc:name="get:\v1\authors:customers-eapi-impl" doc:id="5a5c7469-ebc0-4091-a27c-cc508275a7d0" name="post:\v1\authors:customers-eapi-impl" />
    </flow>
</mule>
