<?xml version="1.0" encoding="UTF-8"?>

<mule xmlns:http="http://www.mulesoft.org/schema/mule/http" xmlns:customers-sapi="http://www.mulesoft.org/schema/mule/customers-sapi"
	xmlns="http://www.mulesoft.org/schema/mule/core"
	xmlns:doc="http://www.mulesoft.org/schema/mule/documentation" xmlns:xsi="http://www.w3.org/2001/XMLSchema-instance" xsi:schemaLocation="http://www.mulesoft.org/schema/mule/core http://www.mulesoft.org/schema/mule/core/current/mule.xsd
http://www.mulesoft.org/schema/mule/customers-eapi http://www.mulesoft.org/schema/mule/customers-eapi/current/mule-customers-eapi.xsd
http://www.mulesoft.org/schema/mule/http http://www.mulesoft.org/schema/mule/http/current/mule-http.xsd">
	<sub-flow name="get:\v1\publications:customers-eapi-impl" doc:id="77c4eee7-c0bf-450b-8984-7b2cec460d24" >
		<flow-ref doc:name="log-resource-flow-entry" doc:id="118b7af9-cab9-45f4-b97d-30ed58089c64" name="log-resource-flow-entry" />
        <flow-ref doc:name="log-before-outbound-request" doc:id="86618660-d0f5-4b06-ac25-bf556691b173" name="log-before-outbound-request"/>
		<http:request method="GET" doc:name="Get all publications or by list of ids" doc:id="1856ca64-6af9-451c-ae35-d3fce9c7d1be" config-ref="customers-sapi-httpRequestConfig" sendCorrelationId="ALWAYS" path="${sapi.customers.retrieve.publications.path}" correlationId="#[correlationId]">
			<http:headers ><![CDATA[#[output application/java
---
{
	"client_secret" : p('secure::sapi.customers.client_secret'),
	"client_id" : p('secure::sapi.customers.client_id')
}]]]></http:headers>
			<http:query-params ><![CDATA[#[output application/java
---
{
	"publicationIds" : attributes.queryParams.publicationIds
}]]]></http:query-params>
		</http:request>
		<flow-ref doc:name="log-after-outbound-request" doc:id="5cc15c71-9115-48b9-af98-916d42052197" name="log-after-outbound-request"/>
		<flow-ref doc:name="log-resource-flow-complete" doc:id="7555937f-fa2a-4e51-9485-79bf42337ccd" name="log-resource-flow-complete" />
	</sub-flow>
	<sub-flow name="post:\v1\publications:customers-eapi-impl" doc:id="1d1e8cc1-bfa3-4411-8934-c6af2948389c" >
		<flow-ref doc:name="log-resource-flow-entry" doc:id="9bf0747b-015d-4225-bb00-20884247ef96" name="log-resource-flow-entry" />
        <flow-ref doc:name="log-before-outbound-request" doc:id="3960af75-0f28-4e4b-81eb-fce03c5fa495" name="log-before-outbound-request"/>
		<http:request method="POST" doc:name="Create new publications" doc:id="3f7dab6e-f8f6-4511-80c2-ddfe581e05b4" config-ref="customers-sapi-httpRequestConfig" sendCorrelationId="ALWAYS" path="${sapi.customers.create.publications.path}" correlationId="#[correlationId]">
			<http:headers ><![CDATA[#[output application/java
---
{
	"client_secret" : p('secure::sapi.customers.client_secret'),
	"client_id" : p('secure::sapi.customers.client_id')
}]]]></http:headers>
		</http:request>
		<flow-ref doc:name="log-after-outbound-request" doc:id="ff9f3cdb-49ed-441b-a3eb-c509d7f451e7" name="log-after-outbound-request"/>
		<flow-ref doc:name="log-resource-flow-complete" doc:id="82ca4631-12d1-4e44-99a6-05e8cc8acc3b" name="log-resource-flow-complete" />
	</sub-flow>
	<sub-flow name="post:\v1\authors:customers-eapi-impl" doc:id="39ac2683-14a9-4177-8ba6-118cdf48e640" >
		<flow-ref doc:name="log-resource-flow-entry" doc:id="67aa7d42-0efb-49d0-b9e1-7f9c145d8e60" name="log-resource-flow-entry" />
        <flow-ref doc:name="log-before-outbound-request" doc:id="22160dde-77c2-4e5f-8d53-41b8d7e8d99a" name="log-before-outbound-request"/>
		<http:request method="POST" doc:name="Create new authors" doc:id="2c544171-00a2-4321-ba03-4a3b91fdd496" config-ref="customers-sapi-httpRequestConfig" path="${sapi.customers.create.authors.path}" sendCorrelationId="ALWAYS" correlationId="#[correlationId]">
			<http:headers ><![CDATA[output application/java
---
{
	"client_secret" : p('secure::sapi.customers.client_secret'),
	"client_id" : p('secure::sapi.customers.client_id')
}]]></http:headers>
		</http:request>
		<flow-ref doc:name="log-after-outbound-request" doc:id="7c050d1f-eb7e-4cba-bc90-d4951cff6002" name="log-after-outbound-request"/>
		<flow-ref doc:name="log-resource-flow-complete" doc:id="c46a606d-ed2e-4f01-a2d5-59fded962e6b" name="log-resource-flow-complete" />
	</sub-flow>
</mule>
