<?xml version="1.0" encoding="UTF-8"?>

<mule xmlns:apikit="http://www.mulesoft.org/schema/mule/mule-apikit"
	xmlns:http="http://www.mulesoft.org/schema/mule/http" xmlns:jms="http://www.mulesoft.org/schema/mule/jms"
	xmlns:ee="http://www.mulesoft.org/schema/mule/ee/core"
	xmlns="http://www.mulesoft.org/schema/mule/core" xmlns:doc="http://www.mulesoft.org/schema/mule/documentation" xmlns:xsi="http://www.w3.org/2001/XMLSchema-instance" xsi:schemaLocation="
http://www.mulesoft.org/schema/mule/ee/core http://www.mulesoft.org/schema/mule/ee/core/current/mule-ee.xsd http://www.mulesoft.org/schema/mule/core http://www.mulesoft.org/schema/mule/core/current/mule.xsd
http://www.mulesoft.org/schema/mule/jms http://www.mulesoft.org/schema/mule/jms/current/mule-jms.xsd
http://www.mulesoft.org/schema/mule/http http://www.mulesoft.org/schema/mule/http/current/mule-http.xsd
http://www.mulesoft.org/schema/mule/mule-apikit http://www.mulesoft.org/schema/mule/mule-apikit/current/mule-apikit.xsd">
	
	<error-handler name="global-error-handler" doc:id="9d2c3ec5-8ab6-4c5d-bc9d-a8b2bdea8698">
		<!-- APIKit router related exceptions -->
		<on-error-continue type="APIKIT:BAD_REQUEST" enableNotifications="true" logException="true" doc:name="On Error Continue" doc:id="4259acf8-1879-43a5-89e8-eba251ae480e" >
			<set-variable value="#[400]" doc:name="Set the HTTP Status - 400" doc:id="5db6f89c-9f33-4a06-8e09-61fb3483f1c8" variableName="httpStatus"/>
    	  	<flow-ref doc:name="global-error-response" doc:id="25a71cc3-6833-4f84-8289-a8e28ca69b7a" name="global-error-response"/>
		</on-error-continue>
		<on-error-continue type="APIKIT:METHOD_NOT_ALLOWED" enableNotifications="true" logException="true" doc:name="On Error Continue" doc:id="8fd52dd6-518a-4b6d-8635-0c7c2fe4cced" >
			<set-variable value="#[405]" doc:name="Set the HTTP Status - 405" doc:id="2a18d208-8567-4e24-8341-0ae6c43ede67" variableName="httpStatus" />
      		<set-variable value='#["The request method " ++ attributes.method ++ " is not supported."]' doc:name="Set Error Message" doc:id="f3c746fd-1fa8-4e13-9ccc-15c7117cde8a" variableName="errorMessage"/>
			<flow-ref doc:name="global-error-response" doc:id="dda6962f-1b59-40fe-96b8-fb7108111281" name="global-error-response"/>
		</on-error-continue>
		<on-error-continue type="APIKIT:NOT_ACCEPTABLE" enableNotifications="true" logException="true" doc:name="On Error Continue" doc:id="c3c53c81-1caa-40fc-af57-f5906e84dbe9" >
			<set-variable value="#[406]" doc:name="Set the HTTP Status - 406" doc:id="b1afe875-60fe-422a-84ce-cdb5b9f8062b" variableName="httpStatus" />
      		<flow-ref doc:name="global-error-response" doc:id="aeecd066-186c-48e2-95a8-b1004f313b08" name="global-error-response"/>
		</on-error-continue>
		<on-error-continue type="APIKIT:NOT_FOUND" enableNotifications="true" logException="true" doc:name="On Error Continue" doc:id="e7f2f9aa-73fa-45c3-ac2a-8b799110b28a" >
			<set-variable value="#[404]" doc:name="Set the HTTP Status - 404" doc:id="e7f9dcd0-dca2-4258-910f-a2bbdc5d3103" variableName="httpStatus" />
      		<flow-ref doc:name="global-error-response" doc:id="f8fc2ce8-b52a-4dd8-9733-768ec09e19b0" name="global-error-response"/>
		</on-error-continue>
		<on-error-continue type="APIKIT:UNSUPPORTED_MEDIA_TYPE" enableNotifications="true" logException="true" doc:name="On Error Continue" doc:id="78f2e90b-6d04-411d-9302-0f34127aeb83" >
			<set-variable value="#[415]" doc:name="Set the HTTP Status - 415" doc:id="ce085671-f3eb-49dd-843f-08a21b1e1de7" variableName="httpStatus" />
      		<flow-ref doc:name="global-error-response" doc:id="1d4ef420-d2c7-4262-8e2e-88def0481ebc" name="global-error-response"/>
		</on-error-continue>	
		
		<!-- DB Related issues -->
		<on-error-continue type="DB:CONNECTIVITY" enableNotifications="true" logException="true" doc:name="On Error Continue" doc:id="d61caa9e-8c9f-44f2-906d-9f5a38135004" >
			<set-variable value="#[503]" doc:name="Set the HTTP Status - 503" doc:id="89bba849-c49c-4297-affa-090a0ddada87" variableName="httpStatus" />
      		<flow-ref doc:name="global-error-response" doc:id="0fd742be-fda5-42b8-9253-c3aa254455ce" name="global-error-response"/>
		</on-error-continue>
		<on-error-continue type="DB:QUERY_EXECUTION" enableNotifications="true" logException="true" doc:name="On Error Continue" doc:id="9c3ec10c-96bd-4511-acd7-94892fff30a4" >
			<set-variable value="#[500]" doc:name="Set the HTTP Status - 500" doc:id="6d757ceb-1930-4e6d-a24d-7035b462613c" variableName="httpStatus" />
      		<flow-ref doc:name="global-error-response" doc:id="5822b910-a784-4154-9ee1-9c31f335adfc" name="global-error-response"/>
		</on-error-continue>
		<on-error-continue type="DB:RETRY_EXHAUSTED" enableNotifications="true" logException="true" doc:name="On Error Continue" doc:id="e76a6046-2d6c-4fc0-974c-b63d35c1f6e2" >
			<set-variable value="#[503]" doc:name="Set the HTTP Status - 503" doc:id="005983d1-4343-4a31-8ba3-202efe50a0dd" variableName="httpStatus" />
      		<flow-ref doc:name="global-error-response" doc:id="d10bffd2-c326-4319-a784-d7038cf19f25" name="global-error-response"/>
		</on-error-continue>
		
		<!-- HTTP Requster Related error handling -->	
		<on-error-continue type="HTTP:BAD_REQUEST" enableNotifications="true" logException="true" doc:name="On Error Continue" doc:id="c065edef-443d-4582-a193-ffce88aaee61" >
			<set-variable value="#[502]" doc:name="Set the HTTP Status - 502" doc:id="2bc12390-9b07-4477-8336-c6a222c9dceb" variableName="httpStatus" />
			<set-variable value="Downsteam service has returned a BAD REQUEST" doc:name="Set Variable" doc:id="4cb888ca-50b0-4eaf-952e-327473d2e815" variableName="errorMessage"/>
			<flow-ref doc:name="global-error-response" doc:id="1e5a2dac-f05c-4e11-98bd-a162c93ab626" name="global-error-response"/>
		</on-error-continue>
		<on-error-continue type="HTTP:CLIENT_SECURITY" enableNotifications="true" logException="true" doc:name="On Error Continue" doc:id="7806d17e-3b0b-4185-a44e-834bdb19e48e" >
			<set-variable value="#[401]" doc:name="Set the HTTP Status - 401" doc:id="4fac3547-dd10-4562-9364-2302ed250052" variableName="httpStatus" />
      		<flow-ref doc:name="global-error-response" doc:id="b7c998a5-0e3c-431c-aac7-82fff8d2f70a" name="global-error-response"/>
		</on-error-continue>
		<on-error-continue type="HTTP:CONNECTIVITY" enableNotifications="true" logException="true" doc:name="On Error Continue" doc:id="4ba75447-27a0-4d83-a29a-3fe4ee05e74d" >
			<set-variable value="#[503]" doc:name="Set the HTTP Status - 503" doc:id="279c92b2-4149-49f0-a965-660ce6f301de" variableName="httpStatus" />
      		<flow-ref doc:name="global-error-response" doc:id="8aeca98e-54a1-4002-832f-11515befc72e" name="global-error-response"/>
		</on-error-continue>
		<on-error-continue type="HTTP:FORBIDDEN" enableNotifications="true" logException="true" doc:name="On Error Continue" doc:id="73f9274c-270d-4466-bdd1-15001410d1e2" >
			<set-variable value="#[403]" doc:name="Set the HTTP Status - 403" doc:id="f0f2cc4f-a9bb-4374-8759-e48507fe6628" variableName="httpStatus" />
      		<flow-ref doc:name="global-error-response" doc:id="dd6d788f-17c7-42e3-adb7-8d8adc06eac6" name="global-error-response"/>
		</on-error-continue>
		<on-error-continue type="HTTP:INTERNAL_SERVER_ERROR" enableNotifications="true" logException="true" doc:name="On Error Continue" doc:id="67df5d31-1f92-4af3-babf-5c2c28fbe93c" >
			<set-variable value="#[500]" doc:name="Set the HTTP Status - 500" doc:id="99bb90a0-c4b0-4c1d-8570-ba067528fd49" variableName="httpStatus" />
      		<flow-ref doc:name="global-error-response" doc:id="41df5cdb-d3b0-4970-9c8c-92ed0b00388b" name="global-error-response"/>
		</on-error-continue>
		<on-error-continue type="HTTP:METHOD_NOT_ALLOWED" enableNotifications="true" logException="true" doc:name="On Error Continue" doc:id="f172ef40-dc80-410f-8f96-74d12645e242" >
			<set-variable value="#[502]" doc:name="Set the HTTP Status - 502" doc:id="b0b670f7-15ff-4d28-a6c3-32380f1da19a" variableName="httpStatus" />
      		<set-variable value="The downstream service has returned a 405 - the requested HTTP method is not sllowed or supported " doc:name="Set Error Message" doc:id="b53a1706-169b-4054-a5f6-dbe0498aa703" variableName="errorMessage"/>
			<flow-ref doc:name="global-error-response" doc:id="07710d60-a8c7-4d88-b503-95ab6e631103" name="global-error-response"/>
		</on-error-continue>
		<on-error-continue type="HTTP:NOT_ACCEPTABLE" enableNotifications="true" logException="true" doc:name="On Error Continue" doc:id="f69a0f32-fd21-4c57-bc18-ddcb8840130a" >
			<set-variable value="#[406]" doc:name="Set the HTTP Status - 406" doc:id="28f8b9d8-3982-49c5-be8f-7f7d886feb9a" variableName="httpStatus" />
      		<flow-ref doc:name="global-error-response" doc:id="272828c9-d705-4774-8ef3-51df0a56054e" name="global-error-response"/>
		</on-error-continue>
		<on-error-continue type="HTTP:NOT_FOUND" enableNotifications="true" logException="true" doc:name="On Error Continue" doc:id="6efd9392-f80c-4dc8-9665-e64e860dcef0" >
			<set-variable value="#[404]" doc:name="Set the HTTP Status - 404" doc:id="42fc87cc-a61c-48e3-96bf-7fbdb5fc87d7" variableName="httpStatus" />
			<set-variable value="" doc:name="Set Error Message" doc:id="97a1fbf7-99bf-4a76-9632-28ad1f11cc08" variableName="The downstream service has returned a 404 - the requested resource was not found"/>
      		<flow-ref doc:name="global-error-response" doc:id="0c38c6d4-ea36-45e2-9084-2b2e3bc52c4c" name="global-error-response"/>
		</on-error-continue>
		<on-error-continue type="HTTP:PARSING" enableNotifications="true" logException="true" doc:name="On Error Continue" doc:id="428eb816-abe9-4c72-b6bc-658b576af924" >
			<set-variable value="#[400]" doc:name="Set the HTTP Status - 400" doc:id="b8e37e9a-9d90-488f-adfc-603e4faa9b30" variableName="httpStatus" />
      		<flow-ref doc:name="global-error-response" doc:id="3a58baeb-46f2-4e4b-ab26-e445cf5678d6" name="global-error-response"/>
		</on-error-continue>
		<on-error-continue type="HTTP:RETRY_EXHAUSTED" enableNotifications="true" logException="true" doc:name="On Error Continue" doc:id="828fe994-6a48-4ecc-96f1-8a3883ecbce9" >
			<set-variable value="#[503]" doc:name="Set the HTTP Status - 503" doc:id="499c56d7-4eed-4036-8811-0916254267af" variableName="httpStatus" />
      		<flow-ref doc:name="global-error-response" doc:id="46528052-fed6-4557-a565-f85482147b84" name="global-error-response"/>
		</on-error-continue>
		<on-error-continue type="HTTP:SECURITY" enableNotifications="true" logException="true" doc:name="On Error Continue" doc:id="ead884a4-57f9-4d4d-9048-ff03e5133f5b" >
			<set-variable value="#[401]" doc:name="Set the HTTP Status - 401" doc:id="d5bc266d-442a-4388-93b0-1b0a84393bb8" variableName="httpStatus" />
      		<flow-ref doc:name="global-error-response" doc:id="7cf40a65-a234-4d5a-b369-4e822218909c" name="global-error-response"/>
		</on-error-continue>
		<on-error-continue type="HTTP:TIMEOUT" enableNotifications="true" logException="true" doc:name="On Error Continue" doc:id="ac55de2a-2371-427a-9318-8e7e7f69e1b6" >
			<set-variable value="#[504]" doc:name="Set the HTTP Status - 504" doc:id="722234a8-7c2b-4802-a16d-2754fd86f6a5" variableName="httpStatus" />
      		<flow-ref doc:name="global-error-response" doc:id="e6e28991-d115-4b16-a1b8-8182e2e0ec59" name="global-error-response"/>
		</on-error-continue>
		<on-error-continue type="HTTP:TOO_MANY_REQUESTS" enableNotifications="true" logException="true" doc:name="On Error Continue" doc:id="977ecaae-dcfb-4ae7-b06e-ed3873ce9d51" >
			<set-variable value="#[429]" doc:name="Set the HTTP Status - 429" doc:id="afc532eb-3c5e-4f1d-8c20-abcd172364b1" variableName="httpStatus" />
      		<flow-ref doc:name="global-error-response" doc:id="f67aa326-e959-492d-94e7-0e4f466b7e7b" name="global-error-response"/>
		</on-error-continue>
		<on-error-continue type="HTTP:UNAUTHORIZED" enableNotifications="true" logException="true" doc:name="On Error Continue" doc:id="bc8f0bee-6899-4614-b70c-f63787988f0f" >
			<set-variable value="#[403]" doc:name="Set the HTTP Status - 403" doc:id="9ff2c895-1f86-48c8-8e8f-5a4737ff3a89" variableName="httpStatus" />
      		<flow-ref doc:name="global-error-response" doc:id="3257ac4c-ec43-4fc2-a92b-a65f2efbd021" name="global-error-response"/>
		</on-error-continue>
		<on-error-continue type="HTTP:UNSUPPORTED_MEDIA_TYPE" enableNotifications="true" logException="true" doc:name="On Error Continue" doc:id="c8941bc4-f848-4e91-ade3-82efa1f7ea47" >
			<set-variable value="#[415]" doc:name="Set the HTTP Status - 415" doc:id="dec538cd-c9f0-455e-9a6d-f3f77dddc42a" variableName="httpStatus" />
      		<flow-ref doc:name="global-error-response" doc:id="54f379c7-5ae8-4a50-b481-6101760fb8c0" name="global-error-response"/>
		</on-error-continue>
		<!-- <on-error-continue type="HTTP:BAD_GATEWAY" enableNotifications="true" logException="true" doc:name="On Error Continue" doc:id="2c9e20a6-0ca2-482d-be02-3cb225813873" >
			<set-variable value="#[502]" doc:name="Set the HTTP Status - 502" doc:id="1d8ccc6b-38c2-4f74-ae37-8ca6b5586f45" variableName="httpStatus" />
      		<flow-ref doc:name="global-error-response" doc:id="d2907f70-f812-46fe-a187-3b7b1766b589" name="global-error-response"/>
		</on-error-continue> -->
		<!-- Streaming related exception -->
		<on-error-continue type="STREAM_MAXIMUM_SIZE_EXCEEDED" enableNotifications="true" logException="true" doc:name="On Error Continue" doc:id="77da379a-468a-483c-8542-062d02c90f22" >
			<set-variable value="#[500]" doc:name="Set the HTTP Status - 500" doc:id="327e2f81-502d-4245-b639-d271fa27a674" variableName="httpStatus" />
      		<flow-ref doc:name="global-error-response" doc:id="834e7066-0934-478b-841e-aa2fde8363d5" name="global-error-response"/>
		</on-error-continue>
		
		<!-- Generic CONNECTIVITY Related Exception handling start. Order matters -->
		<on-error-continue type="RETRY_EXHAUSTED" enableNotifications="true" logException="true" doc:name="On Error Continue" doc:id="19acb007-e2f8-45f3-8cd4-11dd77c90e5d" >
			<set-variable value="#[503]" doc:name="Set the HTTP Status - 503" doc:id="45fa36f0-c0b4-40f8-8560-b89d653d0511" variableName="httpStatus" />
      		<flow-ref doc:name="global-error-response" doc:id="236ef544-d214-45f2-8cfd-227605235b7f" name="global-error-response"/>
		</on-error-continue>
		<on-error-continue type="REDELIVERY_EXHAUSTED" enableNotifications="true" logException="true" doc:name="On Error Continue" doc:id="8ab6dd52-faf7-4cd1-b4ac-9ae953909043" >
			<set-variable value="#[503]" doc:name="Set the HTTP Status - 503" doc:id="acbebd55-e2c2-459b-82f9-476ae2967790" variableName="httpStatus" />
      		<flow-ref doc:name="global-error-response" doc:id="9b5a85d7-b5e7-4906-859d-67618fcdc406" name="global-error-response"/>
		</on-error-continue>
		<on-error-continue type="CONNECTIVITY" enableNotifications="true" logException="true" doc:name="On Error Continue" doc:id="cd714b4f-74a1-4cdd-9165-52056e7cbab1" >
			<set-variable value="#[503]" doc:name="Set the HTTP Status - 503" doc:id="4d619d98-cc99-4b7b-a1db-e89abc0fc395" variableName="httpStatus" />
      		<flow-ref doc:name="global-error-response" doc:id="2f161e4a-b632-4d5b-90c9-e346221c2118" name="global-error-response"/>
		</on-error-continue>
		<on-error-continue type="TIMEOUT" enableNotifications="true" logException="true" doc:name="On Error Continue" doc:id="b06c7597-7a1c-4b1d-bae0-b055f0ac2ec0" >
			<set-variable value="#[504]" doc:name="Set the HTTP Status - 504" doc:id="199f3663-e8b0-47e3-82b4-28f681e5b7ce" variableName="httpStatus" />
      		<flow-ref doc:name="global-error-response" doc:id="3bb86306-0733-4523-a195-57043e9242e2" name="global-error-response"/>
		</on-error-continue>
		<!-- Generic CONNECTIVITY Exception handling end -->
		
		<on-error-continue type="TRANSFORMATION" enableNotifications="true" logException="true" doc:name="On Error Continue" doc:id="1fb7c4b0-0ed0-40d6-a007-e2c923fde819" >
			<set-variable value="#[400]" doc:name="Set the HTTP Status - 400" doc:id="68b85ca4-1415-4f52-bfe9-472ccd59eabd" variableName="httpStatus" />
      		<flow-ref doc:name="global-error-response" doc:id="0f75d077-1938-47d2-bc81-e555e56ca1af" name="global-error-response"/>
		</on-error-continue>
		
		<on-error-continue type="SCRIPTING:COMPILATION" enableNotifications="true" logException="true" doc:name="On Error Continue" doc:id="57459f2c-ca23-4c89-99cd-abbfcb99e7fe" >
			<set-variable value="#[500]" doc:name="Set the HTTP Status - 500" doc:id="5932ff86-d4f2-46e3-908f-29f3d3056a20" variableName="httpStatus" />
      		<flow-ref doc:name="global-error-response" doc:id="8a1fbfcd-476b-4672-a9dc-e2782e936e17" name="global-error-response"/>
		</on-error-continue>
		<on-error-continue type="SCRIPTING:EXECUTION" enableNotifications="true" logException="true" doc:name="On Error Continue" doc:id="ef259910-975e-47ff-8201-4970ff5392ae" >
			<set-variable value="#[500]" doc:name="Set the HTTP Status - 500" doc:id="d334f038-8b91-4bd2-983c-64a4794ba8b0" variableName="httpStatus" />
      			<flow-ref doc:name="global-error-response" doc:id="03c9930d-d375-49b2-8c5e-b09e2f839df7" name="global-error-response"/>
		</on-error-continue>
		<on-error-continue type="SCRIPTING:UNKNOWN_ENGINE" enableNotifications="true" logException="true" doc:name="On Error Continue" doc:id="906c6c1d-8433-4ad5-8e44-a5325b7e4198" >
			<set-variable value="#[500]" doc:name="Set the HTTP Status - 500" doc:id="492bd088-bb8f-4a1f-95e6-68ec61d27c41" variableName="httpStatus" />
      		<flow-ref doc:name="global-error-response" doc:id="a0beaab4-d972-4294-955e-24f4308f9a2b" name="global-error-response"/>
		</on-error-continue>
		
		<on-error-continue type="EXPRESSION" enableNotifications="true" logException="true" doc:name="On Error Continue" doc:id="433d7b0b-4d16-4b10-9a39-58fa7812488f" >
			<set-variable value="#[500]" doc:name="Set the HTTP Status - 500" doc:id="46a28820-18cd-476e-aeb2-3bda74a20f74" variableName="httpStatus" />
			<flow-ref doc:name="global-error-response" doc:id="fbea3dc6-6df0-445e-b585-c0e4e665cd5c" name="global-error-response"/>
		</on-error-continue>	
		<on-error-continue type="ROUTING" enableNotifications="true" logException="true" doc:name="On Error Continue" doc:id="cfab263c-53e9-4182-8550-499b00ec1fc5" >
			<set-variable value="#[400]" doc:name="Set the HTTP Status - 400" doc:id="b1779c99-c4e4-4312-a545-7ede830d15a4" variableName="httpStatus" />
      		<flow-ref doc:name="global-error-response" doc:id="8d50bd82-9b92-40aa-b32f-4f2c5ddbfeba" name="global-error-response"/>
		</on-error-continue>
		<on-error-continue type="SECURITY" enableNotifications="true" logException="true" doc:name="On Error Continue" doc:id="adfc76d0-2cf2-495b-a79a-9d9d902fe196" >
			<set-variable value="#[401]" doc:name="Set the HTTP Status - 401" doc:id="03f8e5f4-e537-4bff-93ca-4891a9b25978" variableName="httpStatus" />
      		<flow-ref doc:name="global-error-response" doc:id="ed40bb27-bb4e-4fc2-9441-2c01cbd67b15" name="global-error-response"/>
		</on-error-continue>
		<!-- If none of the above matches then handle a the exception using generic handler -->
		<on-error-continue type="ANY" enableNotifications="true" logException="true" doc:name="On Error Continue" doc:id="74f37922-6707-442f-b7f5-6b26078228c4">
			<set-variable value="#[500]" doc:name="Set HTTP Status - 500" variableName="httpStatus" />
			<flow-ref doc:name="global-error-response" doc:id="f92b200d-796f-435f-a574-ac3c74764da0" name="global-error-response" />
		</on-error-continue>
	</error-handler>
	
	<sub-flow name="global-error-response" doc:id="90b67778-efc4-4707-9647-e4199fd4fd34">
		<ee:transform doc:name="Compose Error Payload" doc:id="40f2bd51-cb56-4577-a86c-e1e8de71899b">
			<ee:message>
				<ee:set-payload resource="dwl/globalErrorResponse.dwl" />
			</ee:message>
		</ee:transform>
        <async doc:name="Async" doc:id="9a327182-a2f6-4dfa-bd6e-51439229cb78" >
        	<set-variable value="Error Occured" doc:name="Set requestState - Error Occured" doc:id="e1acf0ff-43f6-44ec-b902-832c1ac3b32b" variableName="requestState" />
			<flow-ref doc:name="format-and-log-error-message" doc:id="92b09930-f012-48f4-ae4f-1c4ab443763d" name="format-and-log-error-message" />
		</async>
    </sub-flow>
</mule>