<?xml version="1.0" encoding="UTF-8"?>
<mule xmlns:ee="http://www.mulesoft.org/schema/mule/ee/core"
	xmlns="http://www.mulesoft.org/schema/mule/core" xmlns:apikit="http://www.mulesoft.org/schema/mule/mule-apikit" xmlns:doc="http://www.mulesoft.org/schema/mule/documentation" xmlns:http="http://www.mulesoft.org/schema/mule/http" xmlns:xsi="http://www.w3.org/2001/XMLSchema-instance" xsi:schemaLocation="
http://www.mulesoft.org/schema/mule/ee/core http://www.mulesoft.org/schema/mule/ee/core/current/mule-ee.xsd http://www.mulesoft.org/schema/mule/core http://www.mulesoft.org/schema/mule/core/current/mule.xsd http://www.mulesoft.org/schema/mule/http http://www.mulesoft.org/schema/mule/http/current/mule-http.xsd http://www.mulesoft.org/schema/mule/mule-apikit http://www.mulesoft.org/schema/mule/mule-apikit/current/mule-apikit.xsd ">
    <flow name="customers-sapi-main">
        <http:listener config-ref="customers-sapi-httpListenerConfig" path="/api/*" allowedMethods="GET,POST">
            <http:response statusCode="#[vars.httpStatus default 200]">
                <http:headers><![CDATA[#[vars.outboundHeaders default {}]]]></http:headers>
            </http:response>
            <http:error-response statusCode="#[vars.httpStatus default 500]">
                <http:body><![CDATA[#[payload]]]></http:body>
                <http:headers><![CDATA[#[vars.outboundHeaders default {}]]]></http:headers>
            </http:error-response>
        </http:listener>
        <ee:transform doc:name="Set Request Details" doc:id="5bb741e0-7970-47b9-8fe6-83c9d4f92992" >
			<ee:message >
				<ee:set-payload ><![CDATA[payload]]></ee:set-payload>
			</ee:message>
			<ee:variables >
				<ee:set-variable resource="dwl/request-details.dwl" variableName="requestDetails" />
			</ee:variables>
		</ee:transform>
		<flow-ref doc:name="log-request-received" doc:id="05c47ea5-c406-4add-9725-ed6ae0d0b9f5" name="log-request-received" />
        <apikit:router config-ref="customers-sapi-config" />
        <flow-ref doc:name="log-response-returned" doc:id="f0ed8ef1-499d-495a-abb0-2667bb1a6e23" name="log-response-returned" />
    </flow>
    <flow name="get:\v1\publications:customers-sapi-config">        
        <flow-ref doc:name="get:\v1\publications:customers-sapi-impl" doc:id="7c5278e8-4a1c-4ecd-a4a8-802bb66f2ea4" name="get:\v1\publications:customers-sapi-impl" />
    </flow>
    <flow name="post:\v1\publications:application\json:customers-sapi-config">        
        <flow-ref doc:name="get:\v1\publications:customers-sapi-impl" doc:id="c0136681-8734-44c5-bd1a-a6d26e6c86b6" name="post:\v1\publications:customers-sapi-impl" />
    </flow>
    <flow name="post:\v1\authors:application\json:customers-sapi-config">        
        <flow-ref doc:name="get:\v1\authors:customers-sapi-impl" doc:id="0060d9ee-9ca8-419c-b397-71259486945f" name="post:\v1\authors:customers-sapi-impl" />
    </flow>
</mule>
