<?xml version="1.0" encoding="UTF-8"?>
<mule xmlns="http://www.mulesoft.org/schema/mule/core" xmlns:api-gateway="http://www.mulesoft.org/schema/mule/api-gateway" xmlns:apikit="http://www.mulesoft.org/schema/mule/mule-apikit" xmlns:doc="http://www.mulesoft.org/schema/mule/documentation" xmlns:ee="http://www.mulesoft.org/schema/mule/ee/core" xmlns:error-handler-plugin="http://www.mulesoft.org/schema/mule/error-handler-plugin" xmlns:http="http://www.mulesoft.org/schema/mule/http" xmlns:json-logger="http://www.mulesoft.org/schema/mule/json-logger" xmlns:mule-aws-secrets-manager="http://www.mulesoft.org/schema/mule/mule-aws-secrets-manager" xmlns:salesforce="http://www.mulesoft.org/schema/mule/salesforce" xmlns:secure-properties="http://www.mulesoft.org/schema/mule/secure-properties" xmlns:tls="http://www.mulesoft.org/schema/mule/tls" xmlns:xsi="http://www.w3.org/2001/XMLSchema-instance" xsi:schemaLocation="http://www.mulesoft.org/schema/mule/core http://www.mulesoft.org/schema/mule/core/current/mule.xsd http://www.mulesoft.org/schema/mule/http http://www.mulesoft.org/schema/mule/http/current/mule-http.xsd http://www.mulesoft.org/schema/mule/mule-apikit http://www.mulesoft.org/schema/mule/mule-apikit/current/mule-apikit.xsd  http://www.mulesoft.org/schema/mule/error-handler-plugin http://www.mulesoft.org/schema/mule/error-handler-plugin/current/mule-error-handler-plugin.xsd http://www.mulesoft.org/schema/mule/json-logger http://www.mulesoft.org/schema/mule/json-logger/current/mule-json-logger.xsd http://www.mulesoft.org/schema/mule/secure-properties http://www.mulesoft.org/schema/mule/secure-properties/current/mule-secure-properties.xsd http://www.mulesoft.org/schema/mule/api-gateway http://www.mulesoft.org/schema/mule/api-gateway/current/mule-api-gateway.xsd http://www.mulesoft.org/schema/mule/mule-aws-secrets-manager http://www.mulesoft.org/schema/mule/mule-aws-secrets-manager/current/mule-mule-aws-secrets-manager.xsd http://www.mulesoft.org/schema/mule/tls http://www.mulesoft.org/schema/mule/tls/current/mule-tls.xsd http://www.mulesoft.org/schema/mule/salesforce http://www.mulesoft.org/schema/mule/salesforce/current/mule-salesforce.xsd">
    <http:listener-config name="customers-sapi-httpListenerConfig" doc:description="Configuration for HTTP/S Listener">
        <http:listener-connection host="0.0.0.0" port="${https.port}" protocol="HTTPS">
            <tls:context>
                <tls:key-store type="jks" path="${https.keystore.path}" keyPassword="${secure::keystore.keyPassword}" password="${secure::keystore.storePassword}" />
            </tls:context>
        </http:listener-connection>
    </http:listener-config>
    <apikit:config name="customers-sapi-config" api="customers-sapi.raml" raml="api\customers-sapi.raml" outboundHeadersMapName="outboundHeaders" httpStatusVarName="httpStatus" />
    <salesforce:sfdc-config name="Salesforce_Config" doc:name="Salesforce Config" doc:id="e52eea82-ed82-4801-ad51-d8c808db3981">
        <salesforce:basic-connection username="${secure::sfdc.username}" password="${secure::sfdc.password}" securityToken="${secure::sfdc.token}" url="${sfdc.url}" />
    </salesforce:sfdc-config>
	<api-gateway:autodiscovery apiId="${api.id}" ignoreBasePath="true" doc:name="API Autodiscovery" doc:id="82412569-3dd0-492b-9d97-142c37e21ea5" flowRef="customers-sapi-main" />
</mule>
