<?xml version="1.0" encoding="UTF-8"?>

<mule xmlns:xml-module="http://www.mulesoft.org/schema/mule/xml-module" xmlns:validation="http://www.mulesoft.org/schema/mule/validation"
	xmlns:ee="http://www.mulesoft.org/schema/mule/ee/core"
	xmlns:salesforce="http://www.mulesoft.org/schema/mule/salesforce" xmlns:http="http://www.mulesoft.org/schema/mule/http" xmlns:publications-sapi="http://www.mulesoft.org/schema/mule/publications-sapi" xmlns="http://www.mulesoft.org/schema/mule/core" xmlns:doc="http://www.mulesoft.org/schema/mule/documentation" xmlns:xsi="http://www.w3.org/2001/XMLSchema-instance" xsi:schemaLocation="http://www.mulesoft.org/schema/mule/core http://www.mulesoft.org/schema/mule/core/current/mule.xsd
http://www.mulesoft.org/schema/mule/customers-sapi http://www.mulesoft.org/schema/mule/customers-sapi/current/mule-publications-sapi.xsd
http://www.mulesoft.org/schema/mule/http http://www.mulesoft.org/schema/mule/http/current/mule-http.xsd
http://www.mulesoft.org/schema/mule/salesforce http://www.mulesoft.org/schema/mule/salesforce/current/mule-salesforce.xsd
http://www.mulesoft.org/schema/mule/ee/core http://www.mulesoft.org/schema/mule/ee/core/current/mule-ee.xsd
http://www.mulesoft.org/schema/mule/validation http://www.mulesoft.org/schema/mule/validation/current/mule-validation.xsd
http://www.mulesoft.org/schema/mule/xml-module http://www.mulesoft.org/schema/mule/xml-module/current/mule-xml-module.xsd">
	<sub-flow name='get:\v1\publications:customers-sapi-impl' doc:id="77c4eee7-c0bf-450b-8984-7b2cec460d24" >
		<flow-ref doc:name="log-resource-flow-entry" doc:id="d07719b6-bf92-4666-aecb-3ed2fe9e2d51" name="log-resource-flow-entry" />        
		<set-variable value="#[%dw 2.0&#10;output application/json&#10;---&#10;attributes.queryParams.publicationIds splitBy(/[,]/)  default '']" doc:name="Set Variable" doc:id="bbe11494-ad70-4f9d-a071-59821419819c" variableName="varPublicationIds"/>
		<flow-ref doc:name="log-before-outbound-request" doc:id="ad0ee44e-3b3b-4dac-88e4-09f2366c9f4e" name="log-before-outbound-request"/>
		<choice doc:name="Choice" doc:id="bda4245a-57d6-4c02-97d7-ec7e0e8f06c0" >
			<when expression="#[vars.varPublicationIds != '']">
				<parallel-foreach doc:name="Parallel For Each" doc:id="bde0d61f-6438-4da6-9a5c-71db9a8699f6" collection="vars.varPublicationIds" maxConcurrency="5">
					<salesforce:query doc:name="Query" doc:id="628a41e4-f3c9-41d5-b64e-20baa69ce006" config-ref="Salesforce_Config">
			<salesforce:salesforce-query><![CDATA[Select PublicationId__c, Id, Name, Fax, BillingStreet,BillingCity,BillingState, 
BillingPostalCode, BillingCountry, Phone, ShippingStreet,ShippingCity,ShippingState, 
ShippingPostalCode,ShippingCountry,Website from Account where PublicationId__c=:PublicationId]]></salesforce:salesforce-query>
						<salesforce:parameters ><![CDATA[#[output application/java
---
{
	PublicationId : payload
}]]]></salesforce:parameters>
		</salesforce:query>
				</parallel-foreach>
				<choice doc:name="Choice" doc:id="705d4306-a351-4325-af44-dd58f8d8c702" >
					<when expression="#[isEmpty(payload[0].payload)]">
						<raise-error doc:name="Raise error" doc:id="72ab07d0-3de5-4935-b3f7-67ee74165ffe" type="BUSINESSFAULT:NOT_FOUND" description="Requested Publication Record(s) does not exist"/>
					</when>
					<otherwise>
						<ee:transform doc:name="Transform Message" doc:id="a7372b09-3f53-41e1-a89f-e42aa7f105af">
					<ee:message>
						<ee:set-payload><![CDATA[%dw 2.0
output application/json
---
payload[0].payload]]></ee:set-payload>
					</ee:message>
				</ee:transform>
					</otherwise>
				</choice>
			</when>
			<otherwise >
				<salesforce:query-all doc:name="Query all" doc:id="00cb6dec-3b39-47fd-8948-1fbd68db85d8" config-ref="Salesforce_Config">
					<salesforce:salesforce-query ><![CDATA[Select PublicationId__c, Id, Name, Fax, BillingStreet,BillingCity,BillingState, 
BillingPostalCode, BillingCountry, Phone, ShippingStreet,ShippingCity,ShippingState, 
ShippingPostalCode,ShippingCountry,Website from Account]]></salesforce:salesforce-query>
				</salesforce:query-all>
			</otherwise>
		</choice>
		<flow-ref doc:name="log-after-outbound-request" doc:id="e08ebcfc-e147-479b-bb09-37810f087c33" name="log-after-outbound-request"/>
		<ee:transform doc:name="Transform Message" doc:id="51e67858-b0f9-4374-80b7-649e15724fb7">
			<ee:message>
				<ee:set-payload><![CDATA[%dw 2.0
output application/json
---
payload map (item, index) -> {
 
 "PublicationId": if (item.PublicationId__c != null) ceil(item.PublicationId__c) else null,
 "Id":item.Id,
 "Name":item.Name,
 "Fax":item.Fax,
 "BillingStreet": item.BillingStreet,
 "BillingCity": item.BillingCity,
 "BillingState": item.BillingState,
 "BillingPostalCode": item.BillingPostalCode,
 "BillingCountry": item.BillingCountry, 
 "Phone": item.Phone,
 "ShippingStreet": item.ShippingStreet,
 "ShippingCity": item.ShippingCity,
 "ShippingState": item.ShippingState,
 "ShippingPostalCode": item.ShippingPostalCode,
 "ShippingCountry": item.ShippingCountry,
 "Website": item.Website,
}]]></ee:set-payload>
			</ee:message>
		</ee:transform>
		<flow-ref doc:name="log-resource-flow-complete" doc:id="31e7e1e0-212c-4ef3-9e8d-a6d9d58a155d" name="log-resource-flow-complete" />
	</sub-flow>
	<sub-flow name="post:\v1\publications:customers-sapi-impl" doc:id="1d1e8cc1-bfa3-4411-8934-c6af2948389c" >
		<flow-ref doc:name="log-resource-flow-entry" doc:id="94dbb141-bc72-4ade-b3b9-ff318bdb8878" name="log-resource-flow-entry" />
		<flow-ref doc:name="Validate Phone and Email" doc:id="e4b7c874-d7a1-406c-92a5-d0d7c1d98416" name="customers-sapi-validationsSub_Flow"/>
		<ee:transform doc:name="Transform Message" doc:id="3b4143e1-1fd7-4bb8-9402-008afd048be0" >
			<ee:message >
				<ee:set-payload ><![CDATA[%dw 2.0
output application/json
---
payload map (item,index) ->
{
 "PublicationId__c": ceil(item.PublicationId),
 "Name":item.Name,
 "Fax":item.Fax,
 "BillingStreet": item.BillingStreet,
 "BillingCity": item.BillingCity,
 "BillingState": item.BillingState,
 "BillingPostalCode": item.BillingPostalCode,
 "BillingCountry": item.BillingCountry, 
 "Phone": item.Phone,
 "ShippingStreet": item.ShippingStreet,
 "ShippingCity": item.ShippingCity,
 "ShippingState": item.ShippingState,
 "ShippingPostalCode": item.ShippingPostalCode,
 "ShippingCountry": item.ShippingCountry,
 "Website": item.Website,
}]]></ee:set-payload>
			</ee:message>
			<ee:variables >
				<ee:set-variable variableName="varPublicationIds" ><![CDATA[%dw 2.0
output application/json
---
payload.PublicationId]]></ee:set-variable>
			</ee:variables>
		</ee:transform>
		<flow-ref doc:name="log-before-outbound-request" doc:id="bb9fc51f-7bb2-4478-aa47-be0e13d6ec1a" name="log-before-outbound-request"/>
		<salesforce:create doc:name="Create" doc:id="04502320-2c65-4e89-ba50-3f754ea54167" config-ref="Salesforce_Config" type="Account"/>
		<flow-ref doc:name="log-after-outbound-request" doc:id="9c27b290-ef84-48e3-9634-781fe878a67c" name="log-after-outbound-request"/>
		<ee:transform doc:name="Transform Message" doc:id="b146eac0-6cfa-40e4-99d8-9dda1ececd09" >
			<ee:message >
				<ee:set-payload ><![CDATA[%dw 2.0
output application/json
---
(payload.items.payload map (item, index) -> {

"PublicationId": vars.varPublicationIds[index],
"success" : item.success,
"Id" : item.Id,
"errorMessage": if(item.errors[0].statusCode =="DUPLICATES_DETECTED") 
                "Following Account already exists in SF"
                else item.errors[0].message
    
} ) ++ vars.varValidationErrors]]></ee:set-payload>
			</ee:message>
		</ee:transform>
		<flow-ref doc:name="log-resource-flow-complete" doc:id="27a0c1e6-0424-4c3c-9280-9f488f8e8040" name="log-resource-flow-complete" />
	</sub-flow>
	<sub-flow name="post:\v1\authors:customers-sapi-impl" doc:id="39ac2683-14a9-4177-8ba6-118cdf48e640" >
		<flow-ref doc:name="log-resource-flow-entry" doc:id="9229bf77-f0bb-4df3-a368-d21f5aee7e56" name="log-resource-flow-entry" />
		<flow-ref doc:name="Validate Phone and Email" doc:id="7f03e183-1268-470e-ab19-ab1b1c11766a" name="customers-sapi-validationsSub_Flow"/>
		<ee:transform doc:name="Transform Message" doc:id="3b4143e1-1fd7-4bb8-9402-008afd048be0" >
			<ee:message >
				<ee:set-payload ><![CDATA[%dw 2.0
output application/java
---
{
}]]></ee:set-payload>
			</ee:message>
		</ee:transform>
		<flow-ref doc:name="log-before-outbound-request" doc:id="b2760639-e7d9-4724-b9cb-eb40d87ff12a" name="log-before-outbound-request"/>
		<salesforce:create doc:name="Create" doc:id="04502320-2c65-4e89-ba50-3f754ea54167" config-ref="Salesforce_Config" type="Contact"/>
		<flow-ref doc:name="log-after-outbound-request" doc:id="23e44398-9053-4034-8267-c84a243a7e9e" name="log-after-outbound-request"/>
		<ee:transform doc:name="Transform Message" doc:id="19a5092f-defa-43c7-8897-026b247d3caa" >
			<ee:message >
				<ee:set-payload ><![CDATA[%dw 2.0
output application/json
---
payload.items.payload map (item, index) -> {

"success" : item.success,
"Id" : item.Id,
"errorMessage": if(item.errors[0].statusCode =="DUPLICATES_DETECTED") 
                "Following Account already exists in SF"
                else item.errors[0].message
    
} + vars.varValidationErrors]]></ee:set-payload>
			</ee:message>
		</ee:transform>
	<flow-ref doc:name="log-resource-flow-complete" doc:id="9dc13dc7-ba8b-4ecb-9691-881af283fc8e" name="log-resource-flow-complete" />	
	</sub-flow>
	<sub-flow name="customers-sapi-validationsSub_Flow" doc:id="16855da8-fc7f-4ace-a687-515d36693543" >
		<flow-ref doc:name="log-resource-flow-entry" doc:id="df58ef77-0f72-4518-b4d7-55adac48fffc" name="log-resource-flow-entry" />
		<set-variable variableName="varValidationErrors" value="#[[]]"/>
		<foreach doc:name="For Each" doc:id="d949f430-9801-42f2-acc3-da7a927c1ac5" collection="payload">
		   <try doc:name="Try" doc:id="284f708b-7e35-40be-875b-ce877bba605f">
				<validation:is-email doc:name="Is email" doc:id="877310d6-ca6a-4b0b-a7e2-7b1405423a57" email='#[payload.email default "param.holla@gmail.com"]' message="Email not of correct type">
						<error-mapping sourceType="VALIDATION:INVALID_EMAIL" targetType="BUSINESSFAULT:BAD_REQUEST" />
					</validation:is-email>
				<validation:is-number doc:name="Is Phone Number" doc:id="536d217c-5dbe-48b4-a305-1ce7b0a73154" value="#[payload.Phone]" minValue="1000000000" maxValue="9999999999" numberType="LONG" message="Phone Number not of correct type">
						<error-mapping sourceType="VALIDATION:INVALID_NUMBER" targetType="BUSINESSFAULT:BAD_REQUEST" />
					</validation:is-number>
				<error-handler>
					<on-error-continue enableNotifications="true" logException="true" doc:name="On Error Continue" doc:id="da551892-1822-4ebf-82b7-3a4c53494d4f">
						<ee:transform doc:name="Transform Message" doc:id="5d8f458d-c9a7-491a-8891-c7719d27b917">
							<ee:message>
							</ee:message>
							<ee:variables>
								<ee:set-variable variableName="varValidationErrors"><![CDATA[%dw 2.0
output application/json

var validaionResult = {
	
	"PublicationId" : payload.PublicationId,
	"Success" : false,
	"Id" : null,
    "ErrorMessage":error.description
}

---
vars.varValidationErrors + validaionResult]]></ee:set-variable>
							</ee:variables>
						</ee:transform>
					</on-error-continue>
				</error-handler>
			</try>
		 
		</foreach>
		<ee:transform doc:name="Transform Message" doc:id="22e6f6ce-dba8-4df0-84ed-cdfe3edca5cc" >
			<ee:message >
				<ee:set-payload ><![CDATA[%dw 2.0
output application/json

var dropthese = vars.varValidationErrors map $.PublicationId
---
payload filter (not (dropthese contains ($.PublicationId)))]]></ee:set-payload>
			</ee:message>
		</ee:transform>
		<flow-ref doc:name="log-resource-flow-complete" doc:id="8c689d81-e515-4de8-b60a-5f1eb57daefe" name="log-resource-flow-complete" />
	</sub-flow>

</mule>
