<?xml version='1.0' encoding='UTF-8'?>
<types:mule xmlns:types="http://www.mulesoft.org/schema/mule/types">
  <types:catalog>
    <types:type name="Publications_Data" format="json">
      <types:shape format="weave" example="examples/createPublicationsRequest-example.json"><![CDATA[%dw 2.0

type Publications_Data = Array<{|  PublicationId: String,   Name: String,   Fax: String,   BillingStreet: String,   BillingCity: String,   BillingState: String,   BillingPostalCode: String,   BillingCountry: String,   Phone: String,   ShippingStreet: String,   ShippingCity: String,   ShippingState: String,   ShippingPostalCode: String,   ShippingCountry: String,   Website: String|}> {"example": "[{\\\"PublicationId\\\":\\\"123\\\",\\\"Name\\\":\\\"Pearson Publications\\\",\\\"Fax\\\":\\\"\\\",\\\"BillingStreet\\\":\\\"BillingStreetName\\\",\\\"BillingCity\\\":\\\"BillingCity\\\",\\\"BillingState\\\":\\\"BillingState\\\",\\\"BillingPostalCode\\\":\\\"BillingPostalCode\\\",\\\"BillingCountry\\\":\\\"BillingCountry\\\",\\\"Phone\\\":\\\"1234567890\\\",\\\"ShippingStreet\\\":\\\"ShippingStreetName\\\",\\\"ShippingCity\\\":\\\"ShippingCity\\\",\\\"ShippingState\\\":\\\"ShippingState\\\",\\\"ShippingPostalCode\\\":\\\"ShippingPostalCode\\\",\\\"ShippingCountry\\\":\\\"ShippingCountry\\\",\\\"Website\\\":\\\"www.pearsonbooks.com\\\"},{\\\"PublicationId\\\":\\\"233\\\",\\\"Name\\\":\\\"Model Publications\\\",\\\"Fax\\\":\\\"\\\",\\\"BillingStreet\\\":\\\"BillingStreetName\\\",\\\"BillingCity\\\":\\\"BillingCity\\\",\\\"BillingState\\\":\\\"BillingState\\\",\\\"BillingPostalCode\\\":\\\"BillingPostalCode\\\",\\\"BillingCountry\\\":\\\"BillingCountry\\\",\\\"Phone\\\":\\\"1234567891\\\",\\\"ShippingStreet\\\":\\\"ShippingStreetName\\\",\\\"ShippingCity\\\":\\\"ShippingCity\\\",\\\"ShippingState\\\":\\\"ShippingState\\\",\\\"ShippingPostalCode\\\":\\\"ShippingPostalCode\\\",\\\"ShippingCountry\\\":\\\"ShippingCountry\\\",\\\"Website\\\":\\\"www.modelpublications.com\\\"},{\\\"PublicationId\\\":\\\"456\\\",\\\"Name\\\":\\\"Penguin Random House\\\",\\\"Fax\\\":\\\"\\\",\\\"BillingStreet\\\":\\\"BillingStreetName\\\",\\\"BillingCity\\\":\\\"BillingCity\\\",\\\"BillingState\\\":\\\"BillingState\\\",\\\"BillingPostalCode\\\":\\\"BillingPostalCode\\\",\\\"BillingCountry\\\":\\\"BillingCountry\\\",\\\"Phone\\\":\\\"1234567892\\\",\\\"ShippingStreet\\\":\\\"ShippingStreetName\\\",\\\"ShippingCity\\\":\\\"ShippingCity\\\",\\\"ShippingState\\\":\\\"ShippingState\\\",\\\"ShippingPostalCode\\\":\\\"ShippingPostalCode\\\",\\\"ShippingCountry\\\":\\\"ShippingCountry\\\",\\\"Website\\\":\\\"www.penguinhouse.com\\\"}]"}

]]></types:shape>
    </types:type>
  </types:catalog>
  <types:enrichment select="#3b4143e1-1fd7-4bb8-9402-008afd048be0">
    <types:processor-declaration>
      <types:input-event>
        <types:message>
          <types:payload type="Publications_Data"/>
        </types:message>
      </types:input-event>
    </types:processor-declaration>
  </types:enrichment>
</types:mule>