[{ 
 "PublicationId": "123",
 "Name": "Pearson Publications",
 "Fax": "",
 "BillingStreet": "BillingStreetName",
 "BillingCity": "BillingCity",
 "BillingState": "BillingState",
 "BillingPostalCode": "BillingPostalCode",
 "BillingCountry": "BillingCountry",
 "Phone": "1234567890",
 "ShippingStreet": "ShippingStreetName",
 "ShippingCity": "ShippingCity",
 "ShippingState": "ShippingState",
 "ShippingPostalCode": "ShippingPostalCode",
 "ShippingCountry": "ShippingCountry",
 "Website": "www.pearsonbooks.com"
},
{ 
 "PublicationId": "233",
 "Name": "Model Publications",
 "Fax": "",
 "BillingStreet": "BillingStreetName",
 "BillingCity": "BillingCity",
 "BillingState": "BillingState",
 "BillingPostalCode": "BillingPostalCode",
 "BillingCountry": "BillingCountry",
 "Phone": "1234567891",
 "ShippingStreet": "ShippingStreetName",
 "ShippingCity": "ShippingCity",
 "ShippingState": "ShippingState",
 "ShippingPostalCode": "ShippingPostalCode",
 "ShippingCountry": "ShippingCountry",
 "Website": "www.modelpublications.com"
},
{ 
 "PublicationId": "456",
 "Name": "Penguin Random House",
 "Fax": "",
 "BillingStreet": "BillingStreetName",
 "BillingCity": "BillingCity",
 "BillingState": "BillingState",
 "BillingPostalCode": "BillingPostalCode",
 "BillingCountry": "BillingCountry",
 "Phone": "1234567892",
 "ShippingStreet": "ShippingStreetName",
 "ShippingCity": "ShippingCity",
 "ShippingState": "ShippingState",
 "ShippingPostalCode": "ShippingPostalCode",
 "ShippingCountry": "ShippingCountry",
 "Website": "www.penguinhouse.com"
}
]