[
{ 
 "PublicationId": "111",
 "AuthorId": "A123",
 "Title": "Mr",
 "FirstName": "Albert",
 "LastName": "Camus",
 "Fax": "12345678",
 "MailingStreet": "MailingStreetName",
 "MailingCity": "MailingCity",
 "MailingState": "MailingState",
 "MailingPostalCode": "MailingPostalCode",
 "MailingCountry": "MailingCountry",
 "Phone": "1234567890",
 "Website": "www.albertcamus.com"
},
{ 
 "PublicationId": "112",
 "AuthorId": "A124",
 "Title": "Mr",
 "FirstName": "Albert",
 "LastName": "Camus",
 "Fax": "12345678",
 "MailingStreet": "MailingStreetName",
 "MailingCity": "MailingCity",
 "MailingState": "MailingState",
 "MailingPostalCode": "MailingPostalCode",
 "MailingCountry": "MailingCountry",
 "Phone": "1234567890",
 "Website": "www.albertcamus.com"
}
]